img,item_name,price-strike,price-red,item-price
/shopimages/ohing66/0020030001233.jpg?1493174248,[오리온] 과자마켓 3000 왕꿈틀이 3번들 56g*3,"3,000","1,990",
/shopimages/ohing66/0020020000423.jpg?1391649681,[크라운] 과자마켓 1500 키커(17g*3개),"1,500",790,
/shopimages/ohing66/0020020000463.jpg?1392284001,과자마켓 스니커즈 51g,,,920
/shopimages/ohing66/0020020000503.jpg?1395123614,[롯데] 과자마켓 6000 미니크런키 171g,"6,000","3,290",
/shopimages/ohing66/0020020000603.jpg?1428887351,[롯데] 과자마켓 크런키 더블크런치바(1000*10),"10,000","5,800",
/shopimages/ohing66/0020010000413.jpg?1500282538,[롯데] 과자마켓 5000 졸음번쩍껌 87g,"5,000","2,790",
/shopimages/ohing66/0020020001283.jpg?1543470996,[해태] 과자마켓 15000 자유시간 미니(63P) 630g,"15,000","9,000",
/shopimages/ohing66/0020030000303.jpg?1357774756,[크라운] 과자마켓 2000 비단박하사탕 140g,"2,000","1,090",
/shopimages/ohing66/0020030001523.jpg?1536800752,[롯데] 과자마켓 2500 스카치캔디 세가지맛 157g,"2,500","1,790",
/shopimages/ohing66/0020020000073.jpg?1357356062,"[롯데] 과자마켓 3000 드림카카오(56%,72%)","3,000","1,650",
/shopimages/ohing66/0020020001213.jpg?1533011292,[해태] 과자마켓 5000 자유시간 미니 200g,"5,000","2,990",
/shopimages/ohing66/0020020000483.jpg?1392284279,과자마켓 트윅스 48.5g,,,910
/shopimages/ohing66/0020010000563.jpg?1541377154,[롯데] 과자마켓 후라보노 레이디(1000*15),"15,000","7,990",
/shopimages/ohing66/0020030000313.jpg?1496630206,[크라운] 과자마켓 새콤달콤 (500*15),"7,500","4,500",
/shopimages/ohing66/0020030000233.jpg?1464570967,[해태] 과자마켓 1700 알사탕 90g,"1,700",990,
/shopimages/ohing66/0020010000423.jpg?1501807933,[롯데] 과자마켓 500 왓따 스크류바(23g*16),"8,000","4,490",
/shopimages/ohing66/0020010000303.jpg?1393842348,[크라운] 과자마켓 마이쮸(800*15),"12,000","6,590",
/shopimages/ohing66/0020030001223.jpg?1493174054,[오리온] 과자마켓 3000 마이구미(포도) 3번들 55g*3,"3,000","1,990",
/shopimages/ohing66/0020030001533.jpg?1538040947,[크라운] 과자마켓 3000 새콤달콤 딸기&레모네이드 200g,"3,000","1,690",
/shopimages/ohing66/0020030000343.jpg?1372819767,[롯데] 과자마켓 5000 스카치캔디 세가지맛 317g,"5,000","2,890",
/shopimages/ohing66/0020030001383.jpg?1529311023,[롯데] 과자마켓 3000 목캔디파워(허브) 137g,"3,000","1,790",
/shopimages/ohing66/0020020001243.jpg?1538958902,[롯데] 과자마켓 3000 해바라기 초코볼 80g,"3,000","1,800",
/shopimages/ohing66/0020030000753.jpg?1428917184,과자마켓 미니츄파춥스(6g*100),"15,000","8,890",
/shopimages/ohing66/0020030001743.jpg?1581582146,[롯데] 과자마켓 15000 롤리팝통 반반한애니멀(60p) 720g,"15,000","9,000",
/shopimages/ohing66/0020030000323.jpg?1365744674,[해태] 과자마켓 5000 썬키스트 480g,"5,000","2,890",
/shopimages/ohing66/0020030001593.jpg?1552530132,[롯데] 과자마켓 1200 젤리셔스 죠스바젤리 70g,"1,200",720,
/shopimages/ohing66/0020030001603.jpg?1552530191,[롯데] 과자마켓 1200 젤리셔스 수박바젤리 56g,"1,200",720,
/shopimages/ohing66/0020030000143.jpg?1496125213,[오리온] 과자마켓 1000 왕꿈틀이 67g,"1,000",720,
/shopimages/ohing66/0020030000403.jpg?1390529091,[오리온] 과자마켓 2000 통아몬드 캔디,"2,000","1,450",
/shopimages/ohing66/0020030000553.jpg?1401930013,[롯데] 과자마켓 5000 말랑카우 밀크 158g,"5,000","3,000",
/shopimages/ohing66/0020030000113.jpg?1546560980,[롯데] 과자마켓 2500 청포도캔디 153g,"2,500","1,500",
/shopimages/ohing66/0020030000253.jpg?1357740207,[해태] 과자마켓 1700 자두사탕 90g,"1,700",990,
/shopimages/ohing66/0020010000573.jpg?1544522833,[크라운] 과자마켓 3000 새콤달콤 포도&복숭아 200g,,,"1,690"
/shopimages/ohing66/0020020000523.jpg?1573610188,[해태]2000 얼려먹는 초코만들기 36g,"2,000","1,190",
/shopimages/ohing66/0020020000473.jpg?1489625645,엠앤엠즈 밀크초콜릿 40g,,,850
/shopimages/ohing66/0020030000093.jpg?1357353942,"[롯데] 과자마켓 700 짱셔요 40g (콜라,후르츠)",700,420,
/shopimages/ohing66/0020030000183.jpg?1357709699,[해태] 과자마켓 신쫄이딸기(600*40),"24,000","14,500",
/shopimages/ohing66/0020030000203.jpg?1357728111,[해태] 과자마켓 신쫄이사과(600*40),"24,000","14,500",
/shopimages/ohing66/0020030000493.jpg?1397470288,[해태] 과자마켓 신쫄이레몬맛(600*40),"24,000","14,500",
/shopimages/ohing66/0020030000703.jpg?1418952730,미니 멘토스 통(10g*100),"20,000","12,900",
/shopimages/ohing66/0020030000363.jpg?1554686113,"[크라운] 과자마켓 5500 마이쮸(딸기+복숭아,사과+포도)","5,500","2,890",
/shopimages/ohing66/0020030000463.jpg?1488247482,츄파춥스통(11g*50),,,"9,300"
/shopimages/ohing66/0020030001763.jpg?1586827720,[롯데] 과자마켓 1000 핵짱셔요 후르츠 51g,"1,000",620,
/shopimages/ohing66/0020030001753.jpg?1586827664,[롯데] 과자마켓 1000 핵짱셔요 콜라 50g,"1,000",620,
/shopimages/ohing66/0020030000573.jpg?1402453734,"새콤짱(딸기,사과,포도) 45g",,,350
/shopimages/ohing66/0020030001653.jpg?1557797933,[롯데] 과자마켓 2000 밀크카라멜 115g,"2,000","1,150",
/shopimages/ohing66/0020030000823.jpg?1447979186,[롯데] 과자마켓 밀크카라멜(800*12),"9,600","5,700",
/shopimages/ohing66/0020020000083.jpg?1357356649,[롯데] 과자마켓 1000 크런키 초콜릿 34g,"1,000",600,
/shopimages/ohing66/0020020000213.jpg?1458262469,[롯데]6000 ABC초콜릿 200g,"6,000","3,090",
/shopimages/ohing66/0020020000363.jpg?1458785074,[롯데] 과자마켓 2500 크런키볼 76g,"2,500","1,390",
/shopimages/ohing66/0020030000333.jpg?1372819677,[롯데]5000 청포도캔디,"5,000","2,890",
/shopimages/ohing66/0020030000803.jpg?1444786237,"[크라운] 과자마켓 2400 마이쮸 3번들(사과,복숭아,딸기,포도,스무디)","2,400","1,290",
/shopimages/ohing66/0020030000223.jpg?1464571080,[해태] 과자마켓 1700 썬키스트캔디 96g,"1,700","1,050",
/shopimages/ohing66/0020020000043.jpg?1560486864,[롯데]1000 가나초코바 50g,"1,000",550,
/shopimages/ohing66/0020020000183.jpg?1362836578,[롯데]가나초콜릿(볼)(1000*15)(34g*15),"15,000","8,250",
/shopimages/ohing66/0020030000083.jpg?1357310041,[롯데]1000 비타C박스(1000*12),"12,000","6,600",
/shopimages/ohing66/0020020000033.jpg?1357218148,"[롯데]2000 가나초코릿(마일드,밀크) 70g","2,000","1,090",
/shopimages/ohing66/0020030000273.jpg?1357773161,[크라운]2000땅콩카라멜 120g,"2,000","1,090",
/shopimages/ohing66/0020030001143.jpg?1488247684,[롯데] 롤리팝 아이스 통 (11g*70EA) 770g,,,"8,390"
/shopimages/ohing66/0020030001583.jpg?1552444789,스키틀즈 오리지날 45g,,,900
/shopimages/ohing66/0020010000193.jpg?1581926179,[롯데]1000 쥬시후레쉬(1000*15),"15,000","7,990",
/shopimages/ohing66/0020020000173.jpg?1581649248,[롯데]2000 ABC초코릿 65g,"2,000","1,090",
/shopimages/ohing66/0020030001483.jpg?1533609044,[오리온]1000 아이셔 청사과맛 42g,"1,000",720,
/shopimages/ohing66/0020020001303.jpg?1547539327,[해태]1500 시크릿프렌즈 도티앤잠뜰 25g,"1,500",900,
/shopimages/ohing66/0020030001473.jpg?1533518508,[오리온]1000 아이셔 딸기맛 42g,"1,000",720,
/shopimages/ohing66/0020030001433.jpg?1531976299,[오리온]1000 비틀즈 57g,"1,000",720,
/shopimages/ohing66/0020020001233.jpg?1538041040,[크라운]1000 키커바 30g,"1,000",650,
/shopimages/ohing66/0020030000293.jpg?1357774608,"[크라운]3500 마이쮸통(복숭아,딸기,포도,사과)","3,500","1,990",
/shopimages/ohing66/0020010000463.jpg?1521448450,[롯데]1500 후라보노 3번들 42g,"1,500",890,
/shopimages/ohing66/0020010000173.jpg?1362837793,[롯데]왓따풍선껌(500*16),"8,000","4,490",
/shopimages/ohing66/0020020000333.jpg?1574147574,[오리온]1200 닥터유 파워에너지바(1P) 40g,"1,200",860,
/shopimages/ohing66/0020020000093.jpg?1357358899,[롯데]해바라기초코(1200*10),"12,000","7,990",
/shopimages/ohing66/0020010000473.jpg?1521448495,[롯데]1500 왓따 3번들 69g,"1,500",890,
/shopimages/ohing66/0020030000563.jpg?1402453505,마시멜로우(100g),,,860
/shopimages/ohing66/0020030001733.jpg?1572834106,[오리온]1000 대왕젤리밥 65g,"1,000",720,
/shopimages/ohing66/0020020001353.jpg?1572397491,[롯데]1200 가나에어라이트 다크브라우닝 33g,"1,200",720,
/shopimages/ohing66/0020030000043.jpg?1505434034,[롯데]700 보석캔디 (700*18),"12,600","7,550",
/shopimages/ohing66/0020030001373.jpg?1516767911,[롯데]1000 조약돌캔디 30g,"1,000",600,
/shopimages/ohing66/0020030001683.jpg?1561525452,[롯데]1200 말랑카우 솜사탕 스트로베리 50g,"1,200",720,
/shopimages/ohing66/0020010000623.jpg?1564969077,[롯데]6000 자일리톨 알파 용기 86g,"6,000","3,190",
/shopimages/ohing66/0020030001673.jpg?1561525408,[롯데]1200 젤리셔스 청포도젤리 72g,"1,200",720,
/shopimages/ohing66/0020010000613.jpg?1561702977,[롯데]1000 다이노프렌즈 테이프풍선껌 15g,"1,000",600,
/shopimages/ohing66/0020030001713.jpg?1562917262,[롯데]1500 전화놀이 캔디 22g,"1,500",900,
/shopimages/ohing66/0020030001723.jpg?1566954559,[오리온]1000 대왕꿈틀이 콜라맛 67g,"1,000",720,
/shopimages/ohing66/0020020001343.jpg?1567668280,[해태]1500 허팝의 시크릿프렌즈 25g,"1,500",900,
/shopimages/ohing66/0020030000133.jpg?1516064133,[오리온]1000 마이구미 포도 66g,"1,000",720,
/shopimages/ohing66/0020030001363.jpg?1516063666,[오리온]1000 마이구미 복숭아 66g,"1,000",720,
/shopimages/ohing66/0020020000153.jpg?1460966841,화이트엔젤큐티초코릿(1500*12),"18,000","9,990",
/shopimages/ohing66/0020020000053.jpg?1495414333,[롯데]2000 아몬드초코볼 46g,"2,000","1,000",
/shopimages/ohing66/0020020000653.jpg?1494824668,[롯데]2400 빅크런키 82g,"2,400","1,390",
/shopimages/ohing66/0020020000123.jpg?1520907069,[해태]1000 자유시간 36g,"1,000",580,
/shopimages/ohing66/0020010000063.jpg?1562288070,[롯데]5000 자일리톨통껌,"5,000","2,790",
/shopimages/ohing66/0020010000033.jpg?1562287651,[롯데]5000 자일리톨리필,"5,000","2,790",
/shopimages/ohing66/0020010000603.jpg?1561336892,[해태]1000 은단껌(1000*15),"15,000","8,990",
/shopimages/ohing66/0020030000013.jpg?1357217019,[롯데]2000 비타C박스(2000*6),"12,000","7,200",
/shopimages/ohing66/0020030000033.jpg?1357307575,[롯데]800 목캔디,800,480,
/shopimages/ohing66/0020030000063.gif?1540368130,[롯데]2500 스카치커피 157g,"2,500","1,790",
/shopimages/ohing66/0020010000013.jpg?1357310558,ID껌(1200*14),"16,800","9,900",
/shopimages/ohing66/0020010000023.jpg?1357343285,[롯데]1000 이브껌(1000*15),"15,000","7,990",
/shopimages/ohing66/0020010000043.jpg?1396921862,[롯데]자일리톨코팅(1000*12),"12,000","6,000",
/shopimages/ohing66/0020010000053.jpg?1396921974,[롯데]자일리톨판껌(1000*14),"14,000","7,000",
/shopimages/ohing66/0020010000073.jpg?1357356329,[롯데]1000 커피껌(1000*15),"15,000","7,990",
/shopimages/ohing66/0020010000083.jpg?1357359156,[롯데]후라보노 오리지널(1000*15),"15,000","7,990",
/shopimages/ohing66/0020010000093.jpg?1357644579,[오리온]와우껌(500*15),"7,500","5,000",
/shopimages/ohing66/0020030000193.jpg?1559104227,[롯데]2500 애니타임 92g,"2,500","1,500",
/shopimages/ohing66/0020010000113.jpg?1539928112,[해태]아카시아껌(1000*15),"15,000","8,900",
/shopimages/ohing66/0020030000243.jpg?1489039222,[해태]900 연양갱 (900*20개),"18,000","9,900",
/shopimages/ohing66/0020010000183.jpg?1362837898,[롯데]자일리톨F(1000*15),"15,000","7,990",
/shopimages/ohing66/0020010000233.jpg?1377240654,[롯데]1000 스피아민트(1000*15),"15,000","7,990",
/shopimages/ohing66/0020010000263.jpg?1377240968,[롯데]자일리톨W(1000*15),"15,000","7,990",
/shopimages/ohing66/0020030000393.jpg?1386553899,[크라운]5400 땅콩카라멜 324g,,,"3,190"
/shopimages/ohing66/0020030000543.jpg?1457575259,[롯데]2500 말랑카우 밀크 79g,"2,500","1,500",
/shopimages/ohing66/0020030000683.jpg?1416557275,[롯데]5000 말랑카우딸기 158g,"5,000","3,000",
/shopimages/ohing66/0020030000763.jpg?1433916709,[롯데]쫀쪼니(500*25),"12,500","7,500",
/shopimages/ohing66/0020030000853.jpg?1480924199,700 담라 미니캔디(생과즙) 40g,700,360,
/shopimages/ohing66/0020030000903.jpg?1457399290,미니츄파춥스 50입(6g*50),,,"4,580"
/shopimages/ohing66/0020020001173.gif?1522225868,[롯데]3000석기시대 90g,"3,000","1,750",
/shopimages/ohing66/0020030001513.jpg?1536199562,[롯데]2500 말랑카우 딸기우유 79g,"2,500","1,500",
/shopimages/ohing66/0020020001293.jpg?1545982682,[롯데]1200 석기시대 35g,"1,200",720,
/shopimages/ohing66/0020030001563.jpg?1551321460,[오리온]1000 마이구미 딸기 66g,"1,000",720,
