/shopimages/ohing66/0030020000203.jpg?1516768462,[농심] 과자마켓 튀김우동컵(6개입),,,"4,990"
/shopimages/ohing66/0030010000163.jpg?1358814028,[농심] 과자마켓 신라면멀티(850*5),"4,250","3,890",
/shopimages/ohing66/0030020000153.jpg?1456550075,[농심] 과자마켓 육개장사발면6입(86g*6),,,"4,590"
/shopimages/ohing66/0030020000123.jpg?1358849211,[농심] 과자마켓 육개장사발면(900*24),,,"18,990"
/shopimages/ohing66/0030020000143.jpg?1358911105,[농심] 과자마켓 튀김우동큰사발(1150*16),,,"16,900"
/shopimages/ohing66/0030020000193.jpg?1503302094,[농심] 과자마켓 짜파게티 범벅 70g(6개입),,,"4,890"
/shopimages/ohing66/0030020000203.jpg?1516768462,[농심] 과자마켓 튀김우동컵(6개입),,,"4,990"
/shopimages/ohing66/0030010000133.jpg?1358810371,[삼양] 과자마켓 삼양라면멀티(760*5),"4,000","3,400",
/shopimages/ohing66/0030010000163.jpg?1358814028,[농심] 과자마켓 신라면멀티(850*5),"4,250","3,890",
/shopimages/ohing66/0030010000333.jpg?1521448624,[농심] 과자마켓 너구리멀티(5개입) 600g,,,"4,250"
/shopimages/ohing66/0030010000223.jpg?1358909728,[농심] 과자마켓 짜파게티멀티(5개입),,,"4,290"
/shopimages/ohing66/0030010000233.jpg?1375421748,[팔도] 과자마켓 팔도비빔면(1000*5),"5,000","3,650",
/shopimages/ohing66/0030020000163.jpg?1456550178,[농심] 과자마켓 신라면컵6입(65g*6),,,"4,790"
/shopimages/ohing66/0030010000243.jpg?1382498195,[삼양] 과자마켓 불닭볶음면(140g*5),,,"4,400"
/shopimages/ohing66/0030010000273.jpg?1398157706,"[오뚜기] 과자마켓 뿌셔뿌셔(불고기맛,바베큐,양념치킨) 90g",,,590
/shopimages/ohing66/0030020000043.jpg?1528681770,[농심]김치사발면(86g*6),,,"4,590"
/shopimages/ohing66/0030020000303.jpg?1512354154,[농심] 과자마켓 신라면 작은컵 (65g*30개입),,,"24,900"
/shopimages/ohing66/0030020000053.jpg?1358776278,도시락(850*24),,,"17,340"
/shopimages/ohing66/0030020000083.jpg?1358846191,[농심]신라면큰사발(1150*16),,,"16,900"
/shopimages/ohing66/0030020000173.jpg?1456550331,[오뚜기]진라면컵6입(65g*6),,,"3,990"
/shopimages/ohing66/0030020000263.jpg?1548655537,[삼양]삼양라면 소컵(65g*6개입),,,"4,700"
