/shopimages/ohing66/0010060003163.jpg?1528679800,[롯데]1500 초코빼빼로 54g,"1,500",920,
/shopimages/ohing66/0010060003123.jpg?1524789046,[롯데]과자마켓 1200 웰빙 씨리얼 오트 42g,"1,200",660,
/shopimages/ohing66/0010050002153.jpg?1558412915,[롯데] 과자마켓 1500 꼬깔콘 (고소한맛) 72g,"1,500",890,
/shopimages/ohing66/0010050000583.jpg?1554686791,[농심] 과자마켓 포스틱 84g,,,"1,190"
/shopimages/ohing66/0010060002013.jpg?1551140006,[롯데] 과자마켓 6000 엄마손파이(20p) 254g,"6,000","2,890",
/shopimages/ohing66/0010050001583.jpg?1488861080,[농심] 과자마켓 빅매운새우깡 400g,,,"3,990"
/shopimages/ohing66/0010050000483.jpg?1554687060,[농심] 과자마켓 알새우칩 68g,,,"1,190"
/shopimages/ohing66/0010050000503.jpg?1358847835,[농심] 과자마켓 양파링 84g,,,"1,190"
/shopimages/ohing66/0010050000563.jpg?1358910343,[농심] 과자마켓 포테토칩(오리지널) 60g,"1,500","1,190",
/shopimages/ohing66/0010050001153.jpg?1488861105,[농심] 과자마켓 빅새우깡 400g,,,"3,990"
/shopimages/ohing66/0010050002263.jpg?1551235106,[농심] 과자마켓 쫄병스넥 바베큐 82g,,,890
/shopimages/ohing66/0010050002323.jpg?1562916941,[농심] 과자마켓 포테토칩 육개장사발면맛 60g,,,"1,190"
/shopimages/ohing66/0010060001543.jpg?1385608188,[오리온] 과자마켓 3200 촉촉한초코칩(8p) 160g,"3,200","1,790",
/shopimages/ohing66/0010050000753.jpg?1388203950,[오리온] 과자마켓 3000 오징어땅콩 180g,"3,000","2,090",
/shopimages/ohing66/0010050000203.jpg?1565327033,[해태] 과자마켓  1500 구운양파 70g,"1,500",920,
/shopimages/ohing66/0010060003073.jpg?1521601165,[롯데] 과자마켓 6000 마가렛트(16P) 352g,"6,000","3,750",
/shopimages/ohing66/0010060000973.jpg?1489456995,[롯데]6600 마가렛트(18P) 396g,"6,600","3,990",
/shopimages/ohing66/0010050000133.jpg?1453253469,[오리온] 과자마켓 1500 스윙칩(볶음고추장) 60g,"1,500","1,100",
/shopimages/ohing66/0010060000833.jpg?1551139811,[롯데] 과자마켓  4800 빈츠(24P) 204g,"4,800","2,790",
/shopimages/ohing66/0010070000363.jpg?1519974123,[롯데] 과자마켓 6000 찰떡파이(10P) 375g,"6,000","3,300",
/shopimages/ohing66/0010060003103.jpg?1523580082,[크라운] 과자마켓 3000 쿠크다스 커피(18P) 144g,"3,000","1,790",
/shopimages/ohing66/0010060003013.jpg?1516949661,[크라운] 과자마켓 2000 참잉(치즈레몬) 135g,"2,000","1,190",
/shopimages/ohing66/0010050000493.jpg?1358846871,[농심] 과자마켓 양파깡 83g,,,"1,190"
/shopimages/ohing66/0010050000523.jpg?1358849574,[농심] 과자마켓 자갈치 90g,,,"1,190"
/shopimages/ohing66/0010060001313.jpg?1489457543,과자마켓 로아커 바닐라웨하스(45g),"1,500",970,
/shopimages/ohing66/0010060001833.jpg?1572914912,[롯데] 과자마켓 4500 롯샌 파인애플(6P) 315g,"4,500","2,290",
/shopimages/ohing66/0010050000393.jpg?1554686935,[농심] 과자마켓 고구마깡 83g,,,"1,190"
/shopimages/ohing66/0010060002393.jpg?1510103057,[해태] 과자마켓 1500 포키(블루베리) 41g,"1,500",900,
/shopimages/ohing66/0010060001403.jpg?1489536615,[크라운] 과자마켓 3300 초코하임(9P) 142g,"3,300","1,790",
/shopimages/ohing66/0010060002493.jpg?1477449297,[크라운] 과자마켓 3300 화이트하임(9P) 142g,"3,300","1,790",
/shopimages/ohing66/0010060000423.jpg?1489536587,[크라운] 과자마켓 1400 초코하임(6P) 47g,"1,400",840,
/shopimages/ohing66/0010050000113.jpg?1396846858,[오리온] 과자마켓 1500 땅콩강정,"1,500","1,100",
/shopimages/ohing66/0010050000513.jpg?1358849423,[농심] 과자마켓 인디안밥 83g,,,"1,190"
/shopimages/ohing66/0010050000533.jpg?1554686440,[농심] 과자마켓 조청유과 96g,,,"1,190"
/shopimages/ohing66/0010060001963.jpg?1456550585,[청우] 과자마켓 4000 브루느와쿠키(10개입) 165g,,,"1,990"
/shopimages/ohing66/0010050001513.jpg?1457398911,[오리온] 과자마켓  1500 오감자바베큐딥 75g,"1,500","1,090",
/shopimages/ohing66/0010050001713.jpg?1477643408,[오리온] 과자마켓 1500 무뚝뚝감자칩 60g,"1,500","1,100",
/shopimages/ohing66/0010050000103.jpg?1396846025,[오리온] 과자마켓 1500 눈을감자 56g,"1,500","1,080",
/shopimages/ohing66/0010070000143.jpg?1446544383,[오리온] 과자마켓 4800 오리온 초코파이(12P),"4,800","3,290",
/shopimages/ohing66/0010060000153.jpg?1488861291,[오리온] 과자마켓 700 고래밥 40g,700,520,
/shopimages/ohing66/0010050000383.jpg?1358739958,[농심] 과자마켓 감자깡 75g,,,"1,190"
/shopimages/ohing66/0010050000193.jpg?1357646728,[오리온] 과자마켓 1500 포카칩 오리지널 60g,"1,500","1,090",
/shopimages/ohing66/0010060000483.jpg?1358776146,[농심] 과자마켓 닭다리 후라이드 66g,"1,400","1,190",
/shopimages/ohing66/0010060000263.jpg?1488861343,[해태] 과자마켓  900 구운감자,900,540,
/shopimages/ohing66/0010060003423.jpg?1564446399,[해태] 과자마켓 900 구운고구마 27g,900,540,
/shopimages/ohing66/0010050002423.jpg?1569222343,[삼양] 과자마켓 별뽀빠이 4번들(72g*4ea),,,"2,690"
/shopimages/ohing66/0010060003093.jpg?1523264498,[롯데] 과자마켓 1200 미니초코칩쿠키 69g,"1,200",650,
/shopimages/ohing66/0010060000133.jpg?1558412635,[롯데] 과자마켓 1000 칸쵸 54g,"1,000",550,
/shopimages/ohing66/0010060000753.jpg?1551147285,[크라운] 과자마켓 5000 크라운산도(딸기)(16P) 323g,"4,800","2,590",
/shopimages/ohing66/0010060002043.jpg?1457950346,[크라운] 과자마켓 2500 크라운산도 딸기(8P) 161g,"2,500","1,390",
/shopimages/ohing66/0010060001513.jpg?1575420335,[크라운] 과자마켓 5500 쿠크다스 화이트토르테(36P) 288g,"5,500","2,890",
/shopimages/ohing66/0010060000373.jpg?1490579875,"[크라운] 과자마켓 2500 뽀또(치즈,크리미)","2,500","1,350",
/shopimages/ohing66/0010050001693.jpg?1475659373,[농심] 과자마켓 2500 닭다리 너겟 130g,"2,500","2,180",
/shopimages/ohing66/0010060003163.jpg?1528679800,[롯데]1500 초코빼빼로 54g,"1,500",920,
/shopimages/ohing66/0010060003123.jpg?1524789046,[롯데]과자마켓 1200 웰빙 씨리얼 오트 42g,"1,200",660,
/shopimages/ohing66/0010050002153.jpg?1558412915,[롯데] 과자마켓 1500 꼬깔콘 (고소한맛) 72g,"1,500",890,
/shopimages/ohing66/0010050000603.jpg?1358937612,[농심]  과자마켓 오징어집 83g,,,"1,190"
/shopimages/ohing66/0010060002273.jpg?1570524108,[롯데] 과자마켓 1500 롯샌 화이트크림깜뜨(2P) 105g,"1,500",820,
/shopimages/ohing66/0010050002453.jpg?1575099186,[오리온] 과자마켓 1500 꼬북칩 인절미맛 65g,"1,500","1,050",
/shopimages/ohing66/0010050000683.jpg?1380004852,[크라운] 과자마켓 3000 콘칩 148g,"3,000","1,780",
/shopimages/ohing66/0010050001613.jpg?1466647479,[해태] 과자마켓 1500 칸츄리콘(콘버터맛) 90g,"1,500",920,
/shopimages/ohing66/0010060003383.jpg?1554971431,[롯데] 과자마켓 1500 하비스트 달콤고소 100g,"1,500",840,
/shopimages/ohing66/0010050000053.jpg?1396848443,[롯데] 과자마켓 1500 쌀로별,"1,500",950,
/shopimages/ohing66/0010060001723.jpg?1439251973,[롯데] 과자마켓 3600 와플메이트 144g,"3,600","2,190",
/shopimages/ohing66/0010060001883.jpg?1456376074,[롯데] 과자마켓 3600 칸쵸(4P) 216g,"3,600","1,800",
/shopimages/ohing66/0010050000063.jpg?1357343171,[롯데] 과자마켓 1500 오잉,"1,500",950,
/shopimages/ohing66/0010060003053.jpg?1519030840,[해태] 과자마켓  1500 아이비(4개입) 90g,"1,500",900,
/shopimages/ohing66/0010050000233.jpg?1357709488,[해태] 과자마켓  1500 신당동떡볶이,"1,500",950,
/shopimages/ohing66/0010060000733.jpg?1488861666,[해태] 과자마켓  900 딸기웨하스,900,540,
/shopimages/ohing66/0010050000973.jpg?1413446672,[해태] 과자마켓 3000 허니버터칩 120g,"3,000","1,850",
/shopimages/ohing66/0010060001443.jpg?1415012458,[해태] 과자마켓 1500 포키 초코 46g,"1,500",890,
/shopimages/ohing66/0010060001803.jpg?1434412879,[해태] 과자마켓 5200 버터링(302g),"5,200","2,890",
/shopimages/ohing66/0010050001103.jpg?1427782524,[크라운]과자마켓 1500 츄러스,"1,500",880,
/shopimages/ohing66/0010050002233.jpg?1544522889,[빙그레]과자마켓 1500 스모키 베이컨칩 70g,"1,500",890,
/shopimages/ohing66/0010050000833.jpg?1391649894,[빙그레]과자마켓1500 꽃게랑 70g,"1,500",890,
/shopimages/ohing66/0010050001723.jpg?1479092088,[빙그레] 과자마켓 1500 꽃게랑(불짬뽕) 70g,"1,500",890,
/shopimages/ohing66/0010050000883.jpg?1399857518,[빙그레]과자마켓 1500 야채타임 70g,"1,500",890,
/shopimages/ohing66/0010060003463.jpg?1566527855,[오리온] 과자마켓 1200 고소미(2P) 70g,"1,200",890,
/shopimages/ohing66/0010060003573.jpg?1585536168,[오리온] 과자마켓 고소미 대포장(12P) 216g,,,"3,200"
/shopimages/ohing66/0010060000053.jpg?1581923091,[롯데] 과자마켓 2400 빈츠(12P) 102g,"2,400","1,350",
/shopimages/ohing66/0010060002163.jpg?1580869202,[롯데] 과자마켓 2400 칙촉(6P) 90g,"2,400","1,350",
/shopimages/ohing66/0010060003273.jpg?1538359156,[롯데] 과자마켓 2400 칙촉 티라미수(6P) 90g,"2,400","1,350",
/shopimages/ohing66/0010060002113.jpg?1581921307,[롯데] 과자마켓 1500 제크 100g,"1,500",820,
/shopimages/ohing66/0010050001133.jpg?1428894801,[해태] 과자마켓  4500 홈런볼대포장 146g,"4,500","2,690",
/shopimages/ohing66/0010050000633.jpg?1531362820,[오리온] 과자마켓  3000 썬칩 135g,"3,000","2,090",
/shopimages/ohing66/0010050000823.jpg?1389249729,"[오리온] 과자마켓 2500 나쵸(도도한나쵸,대단한나쵸)","2,500","1,850",
/shopimages/ohing66/0010060000993.jpg?1385547061,[해태] 과자마켓 1700 컵홈런볼 51g,"1,700","1,150",
/shopimages/ohing66/0010060001073.jpg?1387763487,[크라운] 과자마켓 1300 그레이스 85g,"1,300",750,
/shopimages/ohing66/0010060000223.jpg?1489034757,[오리온] 과자마켓 1000 초코송이 50g,"1,000",720,
/shopimages/ohing66/0010070000653.jpg?1491815361,[오리온] 과자마켓 3000 오뜨 쇼콜라(6P) 150g,"3,000","2,090",
/shopimages/ohing66/0010060001673.jpg?1434689918,[해태] 과자마켓 1800 초코틴틴 88g,"1,800","1,050",
/shopimages/ohing66/0010050000593.jpg?1358929029,[농심] 과자마켓 새우깡 90g,,,"1,080"
/shopimages/ohing66/0010060001933.jpg?1461717740,[해태] 과자마켓 1500 버터링 86g,"1,500",890,
/shopimages/ohing66/0010050000093.jpg?1396845885,[오리온] 과자마켓 1500 나쵸(치즈맛),"1,500","1,090",
/shopimages/ohing66/0010050000273.jpg?1553217172,[해태] 과자마켓 1500 홈런볼 46g,"1,500",950,
/shopimages/ohing66/0010050000403.jpg?1554686990,[농심] 과자마켓 꿀꽈배기 90g,,,"1,190"
/shopimages/ohing66/0010060000193.jpg?1357643050,[오리온] 과자마켓 2000 다이제스티브,"2,000","1,450",
/shopimages/ohing66/0010050001533.jpg?1554686495,[해태] 과자마켓 1500 허니버터칩 60g,,,930
/shopimages/ohing66/0010060000433.jpg?1488860362,[크라운] 과자마켓 1200 치즈샌드 60g,"1,200",690,
/shopimages/ohing66/0010050000373.jpg?1464571283,[크라운] 과자마켓 1500 콘치 크림치즈 66g,"1,500",890,
/shopimages/ohing66/0010070000163.jpg?1360658676,"[롯데] 과자마켓 3000 몽쉘(크림,카카오)(6P) 192g","3,000","1,790",
/shopimages/ohing66/0010060001103.jpg?1558659542,[롯데]과자마켓 3600 애플쿠키(10P) 230g,"3,600","1,690",
/shopimages/ohing66/0010060003193.jpg?1536287369,[롯데] 과자마켓 3600 딸기쿠키(10P) 230g,"3,600","1,950",
/shopimages/ohing66/0010060002383.jpg?1489481250,[해태] 과자마켓 1500 에이스,"1,500",840,
/shopimages/ohing66/0010050000173.jpg?1488861275,[오리온] 과자마켓 1200 왕고래밥 56g,"1,200",890,
/shopimages/ohing66/0010050001683.jpg?1475060060,과자마켓 차카니 오리지널 40g,500,360,
/shopimages/ohing66/0010060003163.jpg?1528679800,[롯데]1500 초코빼빼로 54g,"1,500",920,
/shopimages/ohing66/0010060003123.jpg?1524789046,[롯데]과자마켓 1200 웰빙 씨리얼 오트 42g,"1,200",660,
/shopimages/ohing66/0010050002153.jpg?1558412915,[롯데] 과자마켓 1500 꼬깔콘 (고소한맛) 72g,"1,500",890,
/shopimages/ohing66/0010050000553.jpg?1554686551,[농심] 과자마켓 쫄병스낵 매콤 82g,,,890
/shopimages/ohing66/0010060000233.jpg?1396935243,[오리온] 과자마켓 1500 초코칩쿠키,"1,500","1,060",
/shopimages/ohing66/0010060000763.jpg?1376440724,[크라운] 과자마켓 4800 치즈샌드,"4,800","2,490",
/shopimages/ohing66/0010060002003.jpg?1551147042,"[해태] 과자마켓 후렌치파이(딸기,사과)(15P) 192g","3,800","2,180",
/shopimages/ohing66/0010070000323.jpg?1489458684,[★초특가★][크라운] 과자마켓 4800 빅파이(18P) 324g,"4,800","2,490",
/shopimages/ohing66/0010060001193.jpg?1551140184,[크라운] 과자마켓 5200 참잉(치즈레몬)(24P) 360g,"5,200","2,990",
/shopimages/ohing66/0010060002343.jpg?1489481109,[롯데] 과자마켓 4500 제크(6P) 300g,"4,500","2,390",
/shopimages/ohing66/0010060001533.jpg?1551140101,[크라운] 과자마켓 5200 참잉(치즈크림)(24P) 360g,"5,200","2,990",
/shopimages/ohing66/0010060001363.jpg?1559111176,[크라운] 과자마켓 6000 참쌀선과(44P) 253g,"6,000","3,090",
/shopimages/ohing66/0010060001813.jpg?1446543901,[크라운] 과자마켓 5500 버터와플 316g,"5,500","2,990",
/shopimages/ohing66/0010060002173.jpg?1464163460,[크라운] 과자마켓 6000 화이트하임(18P) 284g,"6,000","3,290",
/shopimages/ohing66/0010060001413.jpg?1558666237,[크라운] 과자마켓 3000 쿠크다스 화이트(18P) 144g,"3,000","1,790",
/shopimages/ohing66/0010060001353.jpg?1559111310,[크라운] 과자마켓 6000 참쌀설병(30P) 270g,"6,000","3,090",
/shopimages/ohing66/0010060003403.jpg?1558412565,[롯데] 과자마켓 4800 칙촉(12P) 180g,"4,800","2,590",
/shopimages/ohing66/0010060001493.jpg?1489481194,[해태] 과자마켓 4200 에이스요거트샌드(12P) 204g,"4,200","2,490",
/shopimages/ohing66/0010050000953.jpg?1408689511,[롯데] 과자마켓  1500 꼬깔콘(매콤달콤) 72g,"1,500",930,
/shopimages/ohing66/0010050000033.jpg?1558412937,[롯데] 과자마켓1500 꼬깔콘 (군옥수수) 72g,"1,500",890,
/shopimages/ohing66/0010050002153.jpg?1558412915,[롯데] 과자마켓 1500 꼬깔콘 (고소한맛) 72g,"1,500",890,
/shopimages/ohing66/0010060002153.jpg?1463711930,[해태] 과자마켓 4200 아이비 270g,"4,200","2,490",
/shopimages/ohing66/0010050000283.jpg?1357778158,[크라운] 과자마켓 1500 신짱 120g,"1,500",890,
/shopimages/ohing66/0010050000303.jpg?1357778504,[크라운]과자마켓 1500 죠리퐁 74g,"1,500",890,
/shopimages/ohing66/0010050000333.jpg?1357785526,[크라운]과자마켓 1500 카라멜콘 메이플 74g,"1,500",890,
/shopimages/ohing66/0010050000363.jpg?1579137600,[크라운]과자마켓 1500 콘칩 70g,"1,500",890,
/shopimages/ohing66/0010050000693.jpg?1380004890,[크라운]과자마켓  3600 죠리퐁(198g),"3,600","2,160",
/shopimages/ohing66/0010060002373.jpg?1575420295,[크라운]과자마켓 5500 쿠크다스 비엔나커피(36P) 288g,"5,500","2,890",
/shopimages/ohing66/0010060003123.jpg?1524789046,[롯데]과자마켓 1200 웰빙 씨리얼 오트 42g,"1,200",660,
/shopimages/ohing66/0010060003063.jpg?1519777278,[롯데]과자마켓 3000 마가렛트(8P) 176g,"3,000","1,790",
/shopimages/ohing66/0010060003153.jpg?1528678981,[롯데]과자마켓 1500 아몬드빼빼로 37g,"1,500",890,
/shopimages/ohing66/0010050001893.jpg?1494988359,[오리온]과자마켓 1500 꼬북칩 콘스프맛 65g,"1,500","1,090",
/shopimages/ohing66/0010050001913.jpg?1496989959,[오리온]과자마켓 3000 꼬북칩 콘스프맛 136g,"3,000","2,190",
/shopimages/ohing66/0010050002063.jpg?1516767836,[오리온]과자마켓 1500 꼬북칩 스윗시나몬 65g,"1,500","1,090",
/shopimages/ohing66/0010060003453.jpg?1566527894,[오리온]과자마켓 1200 예감 오리지널(2P) 64g,"1,200",890,
/shopimages/ohing66/0010060003473.jpg?1566527945,[오리온]과자마켓 1200 예감 치즈그라탕(2P) 64g,"1,200",890,
/shopimages/ohing66/0010060001973.jpg?1456550937,[청우]과자마켓 4000 그랑쉘(10개입) 195g,"4,000","1,990",
/shopimages/ohing66/0010060002883.jpg?1506666997,[해태]과자마켓 1800 아몬드블라썸(4P) 89g,"1,800","1,080",
/shopimages/ohing66/0010060002933.jpg?1506667052,[해태]과자마켓  3600 아몬드블라썸(8P) 178g,"3,600","2,160",
/shopimages/ohing66/0010050000853.jpg?1398391242,[해태]과자마켓 3000 맛동산,"3,000","1,800",
/shopimages/ohing66/0010050002193.jpg?1533608996,[해태]과자마켓 2000 맛동산 90g,"2,000","1,180",
/shopimages/ohing66/0010060002053.jpg?1457950423,[크라운]과자마켓 2500 크라운산도 초코(8P) 161g,"2,500","1,390",
/shopimages/ohing66/0010060002063.jpg?1457950540,[크라운]과자마켓2500 크라운산도 크림(8P) 161g,"2,500","1,390",
/shopimages/ohing66/0010060000653.jpg?1464595323,[롯데]과자마켓4500 야채크래커(9P) 249g,"4,500","2,190",
/shopimages/ohing66/0010060002223.jpg?1581923026,[롯데]과자마켓 1500 야채크래커(3P) 83g,"1,500",790,
/shopimages/ohing66/0010060000213.jpg?1357645346,[오리온]과자마켓 2500 초코다이제스티브,"2,500","1,750",
/shopimages/ohing66/0010060003553.jpg?1580697447,[해태]과자마켓 3800 후렌치파이 초코스프레드(15P) 179g,"3,800","2,190",
/shopimages/ohing66/0010060000103.jpg?1396848683,[롯데]과자마켓 3000(10p) 엄마손파이 127g,"3,000","1,690",
/shopimages/ohing66/0010050000153.jpg?1490579331,[오리온]과자마켓 1200 오감자 그라탕,"1,200",880,
/shopimages/ohing66/0010060003343.jpg?1551070577,[크라운]과자마켓 1200 버터와플 52g,"1,200",720,
/shopimages/ohing66/0010060002073.jpg?1459388606,[크라운]과자마켓  3000 버터와플 135g,"3,000","1,690",
/shopimages/ohing66/0010050002473.jpg?1584513722,[shdtla]과자마켓  포테토칩(대포장) 육개장맛 125g,,,"2,290"
/shopimages/ohing66/0010050001793.jpg?1483075779,[★초특가★]과자마켓 500 피자타임 30g,500,250,
/shopimages/ohing66/0010060003163.jpg?1528679800,[롯데]1500 초코빼빼로 54g,"1,500",920,
/shopimages/ohing66/0010060003123.jpg?1524789046,[롯데]과자마켓 1200 웰빙 씨리얼 오트 42g,"1,200",660,
/shopimages/ohing66/0010050002153.jpg?1558412915,[롯데] 과자마켓 1500 꼬깔콘 (고소한맛) 72g,"1,500",890,
/shopimages/ohing66/0010060000933.jpg?1383295517,[오리온] 과자마켓 1500 미쯔,"1,500","1,090",
/shopimages/ohing66/0010060001023.jpg?1457575066,[크라운] 과자마켓 4200 참크래커(15P) 280g,"4,200","2,190",
/shopimages/ohing66/0010050002123.jpg?1522388479,[코스모스] 과자마켓 1200 왕소라형과자 130g,"1,200",690,
/shopimages/ohing66/0010050000073.jpg?1572397695,[롯데] 과자마켓 1500 치토스 (바베큐) 82g,"1,500",890,
/shopimages/ohing66/0010050002133.jpg?1572397648,[롯데] 과자마켓 1500 치토스 (매콤달콤) 82g,"1,500",890,
/shopimages/ohing66/0010060003023.jpg?1516949891,[크라운]2000 참잉(치즈크림) 135g,"2,000","1,190",
/shopimages/ohing66/0010070000673.jpg?1492655097,[오리온] 과자마켓 후레쉬베리 딸기(8개입) 224g,,,"3,090"
/shopimages/ohing66/0010060000693.jpg?1489481303,[해태] 과자마켓 2800 에이스 218g,"2,800","1,680",
/shopimages/ohing66/0010060003533.jpg?1572397336,[해태] 과자마켓 4200 롤리폴리(19P) 196g,"4,200","2,550",
/shopimages/ohing66/0010060003393.jpg?1554971478,과자마켓 롯데 1500 하비스트 피넛버터샌드(2P) 91g,"1,500",850,
/shopimages/ohing66/0010070000733.jpg?1544767697,[오리온] 과자마켓  참붕어빵(12P) 348g,,,"5,300"
/shopimages/ohing66/0010070000823.jpg?1586250233,[오리온] 과자마켓 마켓오 리얼브라우니(12P) 240g,,,"3,690"
/shopimages/ohing66/0010050000713.jpg?1381476174,4000 뻥이요 302g,"4,000","2,490",
/shopimages/ohing66/0010070000083.jpg?1531362708,[해태] 과자마켓 6000 오예스(12P) 360g,"6,000","3,290",
/shopimages/ohing66/0010070000813.jpg?1584348019,[롯데] 과자마켓 4800 칙촉 브라우니(4P) 160g,"4,800","2,880",
/shopimages/ohing66/0010070000663.jpg?1491815433,[오리온] 과자마켓 3000 오뜨 치즈(6P) 144g,"3,000","2,090",
/shopimages/ohing66/0010070000483.jpg?1551146558,[크라운] 과자마켓 4800 베이키 170g,"4,800","2,400",
/shopimages/ohing66/0010070000763.jpg?1555474620,[해태] 과자마켓 3600 오예스 미니 마스카포네(12P) 192g,"3,600","2,090",
/shopimages/ohing66/0010070000803.jpg?1583911493,[해태]과자마켓 6000 오예스 쿠키앤크림(12P) 360g,"6,000","3,600",
/shopimages/ohing66/0010070000533.jpg?1519264930,[롯데] 과자마켓 6000 카스타드(12p) 276g,"6,000","3,280",
/shopimages/ohing66/0010060002303.jpg?1489037460,[크라운] 과자마켓 5000 오곡쿠키 288g,"5,000","2,590",
/shopimages/ohing66/0010060000283.jpg?1446544591,[해태] 과자마켓 1500 롤리폴리 62g,"1,500",890,
/shopimages/ohing66/0010060001393.jpg?1489536652,[크라운]과자마켓 6000 초코하임(18P) 284g,"6,000","3,190",
/shopimages/ohing66/0010060003363.jpg?1553136578,[해태]과자마켓 1500 구운감자 슬림 80g,"1,500",900,
/shopimages/ohing66/0010060000363.jpg?1488860982,[크라운]과자마켓 1200 국희땅콩샌드(3P) 70g,"1,200",690,
/shopimages/ohing66/0010060003263.jpg?1535950485,[해태]과자마켓 1500 시크릿프렌즈 시크릿쥬쥬 25g,"1,500",900,
/shopimages/ohing66/0010060003183.jpg?1529654748,[롯데]과자마켓 1500 화이트쿠키빼빼로 37g,"1,500",900,
/shopimages/ohing66/0010060003543.jpg?1576582992,[오리온]과자마켓 2000 돌아온 배배 80g,"2,000","1,090",
/shopimages/ohing66/0010060003233.jpg?1533091771,[롯데]과자마켓 1500 초코쿠키빼빼로 37g,"1,500",910,
/shopimages/ohing66/0010060003493.jpg?1569223810,[삼양]과자마켓 별뽀빠이바 30g,,,600
/shopimages/ohing66/0010060003503.jpg?1569223889,[삼양]과자마켓 초코뽀빠이바 30g,,,600
/shopimages/ohing66/0010060000593.jpg?1580867815,[해태] 과자마켓 4500 에이스(15P) 364g,"4,500","2,690",
/shopimages/ohing66/0010060001383.jpg?1560216522,[크라운] 과자마켓 4800 국희땅콩샌드(12P) 372g,"4,800","2,590",
/shopimages/ohing66/0010060003563.jpg?1581296887,[크라운] 과자마켓 소복소복 소보로 60g,"1,100",660,
/shopimages/ohing66/0010060002233.jpg?1581921044,[롯데]과자마켓 1500 빠다코코낫(2P) 100g,"1,500",820,
/shopimages/ohing66/0010060001153.jpg?1490579703,[해태] 과자마켓 초코픽(1500*8) 45g*8,"12,000","6,890",
/shopimages/ohing66/0010070000053.jpg?1357354388,[롯데]과자마켓 3600 명가찰떡파이,"3,600","2,160",
/shopimages/ohing66/0010070000153.jpg?1520211842,[롯데] 과자마켓 3000 카스타드(6p) 138g,"3,000","1,790",
/shopimages/ohing66/0010070000113.jpg?1489458600,[크라운] 과자마켓 3200 빅파이 216g,"3,200","1,920",
/shopimages/ohing66/0010070000233.jpg?1461715401,[롯데] 과자마켓 6000 몽쉘 카카오(12P) 384g,"6,000","3,490",
/shopimages/ohing66/0010070000433.jpg?1461715448,[롯데] 과자마켓 6000 몽쉘 크림(12P) 384g,"6,000","3,490",
/shopimages/ohing66/0010070000793.jpg?1574148099,[오리온] 과자마켓 후레쉬베리 복숭아(8P) 224g,,,"3,090"
/shopimages/ohing66/0010070000503.jpg?1476342223,[청우] 과자마켓 4000 찰떡초코파이 215g(10개입),"4,000","1,990",
/shopimages/ohing66/0010070000023.jpg?1580697387,[롯데] 과자마켓  3600 갸또 치즈앤크랜베리(6P) 126g,"3,600","2,160",
/shopimages/ohing66/0010070000123.jpg?1569808120,[오리온] 과자마켓 마켓오 리얼브라우니(6P) 120g,"3,400","2,390",
/shopimages/ohing66/0010050000343.jpg?1464571138,[크라운] 과자마켓 1500 콘초 헤이즐넛초코 66g,"1,500",890,
/shopimages/ohing66/0010060000453.jpg?1357786152,[크라운]1500 쿠크다스 화이트(9P) 72g,"1,500",870,
/shopimages/ohing66/0010060001953.jpg?1456550506,[청우]4000 찰떡쿠키(10개입) 215g,,,"1,990"
/shopimages/ohing66/0010060002403.jpg?1473301082,[해태]1500 포키(딸기) 41g,"1,500",890,
/shopimages/ohing66/0010060002263.jpg?1570524206,[롯데]1500 롯샌 파인애플(2P) 105g,"1,500",820,
/shopimages/ohing66/0010060003163.jpg?1528679800,[롯데]1500 초코빼빼로 54g,"1,500",920,
/shopimages/ohing66/0010060003123.jpg?1524789046,[롯데]과자마켓 1200 웰빙 씨리얼 오트 42g,"1,200",660,
/shopimages/ohing66/0010050002153.jpg?1558412915,[롯데] 과자마켓 1500 꼬깔콘 (고소한맛) 72g,"1,500",890,
/shopimages/ohing66/0010060003243.jpg?1534818017,[롯데]1500 누드초코빼빼로 50g,"1,500",950,
/shopimages/ohing66/0010060003163.jpg?1528679800,[롯데]1500 초코빼빼로 54g,"1,500",920,
/shopimages/ohing66/0010060001323.jpg?1404446069,크리스피롤12곡(18개입),,,"3,090"
/shopimages/ohing66/0010060003483.jpg?1567123762,[롯데]1200 ABC초코쿠키 50g,"1,200",700,
/shopimages/ohing66/0010060001453.jpg?1415012515,[해태]1500 포키극세 44g,"1,500",890,
/shopimages/ohing66/0010060000313.jpg?1491440662,[해태]1700 사브레,"1,700",990,
/shopimages/ohing66/0010050000143.jpg?1357644486,[오리온]1500 오징어땅콩,"1,500","1,090",
/shopimages/ohing66/0010050000183.jpg?1560218076,[오리온]1500 치킨팝 81g,"1,500","1,100",
/shopimages/ohing66/0010060000253.jpg?1495504375,[해태]2000 계란과자,"2,000","1,200",
/shopimages/ohing66/0010060000303.jpg?1396934424,[해태]1500 사루비아,"1,500",840,
/shopimages/ohing66/0010050000253.jpg?1490142434,[해태]1500 오사쯔 60g,"1,500",950,
/shopimages/ohing66/0010060000403.jpg?1357778844,[크라운]1200 참크래커(3P) 56g,"1,200",690,
/shopimages/ohing66/0010050000323.jpg?1357785335,[크라운]1500 카라멜콘땅콩 72g,"1,500",890,
/shopimages/ohing66/0010050000413.jpg?1358776797,[농심] 매운새우깡 90g,"1,200","1,080",
/shopimages/ohing66/0010050000423.jpg?1554686966,[농심] 바나나킥 75g,,,"1,190"
/shopimages/ohing66/0010050000453.jpg?1520906449,[삼양]1300 사또밥 67g,"1,300","1,070",
/shopimages/ohing66/0010050000543.jpg?1358909968,[삼양]짱구 115g,,,"1,150"
/shopimages/ohing66/0010060000633.jpg?1489033942,[롯데]2500 컵씨리얼,"2,500","1,390",
/shopimages/ohing66/0010050000763.jpg?1388204029,"[오리온]3000 포카칩(오리지널,어니언) 110g","3,000","2,160",
/shopimages/ohing66/0010060001163.jpg?1398135137,[빙그레]1500 뽀로로와친구들 플레인 65g,"1,500",900,
/shopimages/ohing66/0010050000863.jpg?1522370339,[오리온]3000 스윙칩 110g,"3,000","2,190",
/shopimages/ohing66/0010060001633.jpg?1489481269,[해태]1500 에이스요거트샌드 68g,"1,500",880,
/shopimages/ohing66/0010050001903.jpg?1494988488,[해태]1500 빠새 60g,"1,500",890,
/shopimages/ohing66/0010060002833.jpg?1500281903,[크라운]1500 쿠크다스 커피(9P) 72g,"1,500",890,
/shopimages/ohing66/0010060002913.jpg?1507786981,[빙그레]1500 뽀로로와친구들 치즈맛 65g,"1,500",900,
/shopimages/ohing66/0010060002983.jpg?1511490896,[해태]2500 꼬마버스 타요 140g,"2,500","1,490",
/shopimages/ohing66/0010050002113.jpg?1522388439,[코스모스]1200 고구마형과자 125g,"1,200",690,
/shopimages/ohing66/0010050002163.jpg?1524718372,[오리온]1500 썬칩 오리지널 64g,"1,500","1,090",
/shopimages/ohing66/0010060003143.jpg?1527640864,[크라운]1400 화이트하임(6P) 47g,"1,400",840,
/shopimages/ohing66/0010050002293.jpg?1555475181,[오리온]1500 포카칩 어니언 60g,"1,500","1,090",
